obj;sigma;mu.star;r.tH
swct0_30;0.05;0.05;0.070710678
swct30_60;0.1;0.075;0.125
swct60_90;0.01;0.05;0.050990195
N0_30;0.2;0.25;0.320156212
N30_60;0.2;0.1;0.223606798
N60_90;0.1;0.1;0.141421356
